Aspiration,Percent,lower,upper,vars,n,sd,median,trimmed,mad,min,max,range,skew,kurtosis,se
Hopeful for children's future,0.9080882352941176,0.8837882655144734,0.9323882050737619,5,544,0.28916725475775445,1,1,0,0,1,1,-2.8173181188037844,5.94822575217051,0.012397943765124573
Each person is primarily responsible for is/her success or failure in life,0.8547794117647058,0.82514493395283794,0.8844138895765737,1,544,0.3526473766323718,1,0.9426605504587156,0,0,1,1,-2.008392900069944,2.037397387953435,0.015119631536667297
"To be successful, above all one needs to work very hard",0.8529411764705882,0.8231518118211635,0.8827305411200129,2,544,0.35449051479347043,1,0.9403669724770642,0,0,1,1,-1.9875983860865871,1.954149662368752,0.015198655433379943
Desire at least secondary school education for children,0.8235294117647058,0.7914643647977117,0.8555944587317,6,544,0.3815709109602011,1,0.9036697247706422,0,0,1,1,-1.6926588442953807,0.8666972878305721,0.016359717840303177
Things turn out to be a matter of good or bad fortune (disagree),0.21875,0.1839783577602155,0.25352164223978446,4,544,0.41377912898970265,0,0.14908256880733944,0,0,1,1,1.3569219743343595,-0.15904498656080124,0.017740633795808414
My experience in life has been that what is going to happen will happen (disagree),0.16544117647058823,0.13418711672549882,0.19669523621567764,3,544,0.37192024263721907,0,0.08256880733944955,0,0,1,1,1.7957819306854956,1.2270985695919023,0.015945948849535416
