Aspiration,Percent,lower,upper,vars,n,sd,median,trimmed,mad,min,max,range,skew,kurtosis,se
Hopeful for children's future,0.9093959731543624,0.8863312709359232,0.9324606753728015,5,596,0.2872862963160341,1,1,0,0,1,1,-2.845308477293534,6.106033794946377,0.011767705213489337
Each person is primarily responsible for is/her success or failure in life,0.8540268456375839,0.8256561590421342,0.8823975322330336,1,596,0.35337588141215126,1,0.9414225941422594,0,0,1,1,-2.0003223731661897,2.00466156354459,0.01447484009971927
"To be successful, above all one needs to work very hard",0.8540268456375839,0.8256561590421342,0.8823975322330336,2,596,0.35337588141215126,1,0.9414225941422594,0,0,1,1,-2.0003223731661897,2.00466156354459,0.01447484009971927
Desire at least secondary school education for children,0.8322147651006712,0.8021891324439306,0.8622403977574117,6,596,0.37398934175723775,1,0.9142259414225942,0,0,1,1,-1.7736193027231277,1.147659474980057,0.015319200335071684
Things turn out to be a matter of good or bad fortune (disagree),0.21476510067114093,0.18176773723813763,0.24776246410414424,4,596,0.4110042366505432,0,0.14435146443514643,0,0,1,1,1.3856612262861887,-0.08006886886471776,0.016835389506634338
My experience in life has been that what is going to happen will happen (disagree),0.15268456375838926,0.12378324140389424,0.1815858861128843,3,596,0.3599853047840726,0,0.06694560669456066,0,0,1,1,1.9263713691260222,1.7137905801811488,0.014745572629844397
