In previous four weeks..,Percent,lower,upper,vars,n,sd,median,trimmed,mad,min,max,range,skew,kurtosis,se
Lack of resources to get food,0.8677966101694915,0.8404421156346759,0.8951511047043071,1,590,0.33899916510862815,1,0.9597457627118644,0,0,1,1,-2.166219058190319,2.6970849518379065,0.01395637476266105
Went to sleep hungry,0.8902027027027027,0.8649967794185415,0.915408625986864,2,592,0.3129013177438109,1,0.9873417721518988,0,0,1,1,-2.4898813423000354,4.20662343682679,0.012860164940898585
Whole day without eating,0.7495769881556683,0.714616675699766,0.7845373006115707,3,591,0.4336236637623023,1,0.8118393234672304,0,0,1,1,-1.149174793209609,-0.6805402167118957,0.017836894110154284
Severe household hunger,0.10714285714285714,0.08212157148553158,0.13216414280018268,4,588,0.30955812877987354,0,0.01059322033898305,0,0,1,1,2.533863478309199,4.428003416786215,0.01276596207006406
