In previous four weeks..,Percent,lower,upper,vars,n,sd,median,trimmed,mad,min,max,range,skew,kurtosis,se
Lack of resources to get food,0.8649093904448105,0.8376938071892097,0.8921249737004113,1,607,0.3421022419125239,1,0.9548254620123203,0,0,1,1,-2.1298207209948017,2.540329498180917,0.013885501661020842
Went to sleep hungry,0.8932676518883416,0.8687237776337418,0.9178115261429414,2,609,0.3090264779916196,1,0.9897750511247444,0,0,1,1,-2.541024282119121,4.464142770434799,0.012522384823775412
Whole day without eating,0.7483552631578947,0.7138321811201065,0.7828783451956829,3,608,0.4343154496722208,1,0.8094262295081968,0,0,1,1,-1.1417820125614888,-0.6974728841113396,0.01761381736621846
Severe household hunger,0.10413223140495868,0.07977364141107707,0.1284908213988403,4,605,0.3056847416765411,0,0.006185567010309278,0,0,1,1,2.58575838321034,4.693913142107409,0.012427852037694706
