Category,Resilience,Percent,lower,upper,vars,n,sd,median,trimmed,mad,min,max,range,skew,kurtosis,se
Human capital,Have learned from past shocks,0.7408088235294118,0.7039518783845922,0.7776657686742314,8,544,0.43859402883754206,1,0.8004587155963303,0,0,1,1,-1.0960758443881973,-0.8000783444841986,0.018804563849397795
Social capital,Can rely on family and friends,0.5992647058823529,0.558046004620942,0.6404834071437638,6,544,0.49049849841487075,1,0.6238532110091743,0,0,1,1,-0.40400626838508513,-1.8401514353050652,0.02102994962316886
Transformative capacity,Able to change livelihood to adapt to any shock,0.5882352941176471,0.5468394964848047,0.6296310917504895,3,544,0.492605927848684,1,0.6100917431192661,0,0,1,1,-0.3575803371690931,-1.8755739175265695,0.021120304914715525
Adaptive capacity,Able to adapt to increased frequency or severity of shock,0.5533088235294118,0.5114927123808414,0.5951249346779822,4,544,0.49760761742207793,1,0.5665137614678899,0,0,1,1,-0.21386661902073723,-1.9578499269896246,0.0213347505860053
Absorptive capacity,Able to recover from shock,0.5514705882352942,0.5096381867093115,0.5933029897612768,2,544,0.49780147131399577,1,0.5642201834862385,0,0,1,1,-0.20641149592338143,-1.9609889222835952,0.021343062003052367
Anticipatory capacity,Prepared for future shock,0.5147058823529411,0.47266825113297234,0.55674351357291,1,544,0.500243684524255,1,0.518348623853211,0,0,1,1,-0.05868679579604784,-2.0002226086791675,0.02144777103059632
Institutional capital,Can rely on government support,0.4007352941176471,0.3595165928562361,0.44195399537905805,7,544,0.49049849841487075,0,0.3761467889908257,0,0,1,1,0.40400626838508513,-1.8401514353050652,0.02102994962316886
Financial capital,Able to access financial support,0.36213235294117646,0.32170688019710664,0.4025578256852463,5,544,0.481059156932757,0,0.32798165137614677,0,0,1,1,0.5721301087438565,-1.6757374071989368,0.020625241195953988
