Category,Resilience,Percent,lower,upper,vars,n,sd,median,trimmed,mad,min,max,range,skew,kurtosis,se
Human capital,Have learned from past shocks,0.7214765100671141,0.6854568507728956,0.7574961693613326,8,596,0.44864895350475203,1,0.7761506276150628,0,0,1,1,-0.9856477027628205,-1.0302187200958197,0.018377377190927788
Social capital,Can rely on family and friends,0.6023489932885906,0.5630236315655978,0.6416743550115834,6,596,0.48982368875567023,1,0.6276150627615062,0,0,1,1,-0.4172001850271943,-1.8290043640397533,0.020063960062751424
Transformative capacity,Able to change livelihood to adapt to any shock,0.5738255033557047,0.534089769322886,0.6135612373885234,3,596,0.4949351504118409,1,0.5920502092050209,0,0,1,1,-0.297823401712955,-1.914505037324113,0.02027333369021363
Adaptive capacity,Able to adapt to increased frequency or severity of shock,0.5503355704697986,0.5103635917415181,0.5903075491980792,4,596,0.4978777361404905,1,0.5627615062761506,0,0,1,1,-0.20186126499325194,-1.9625364352211003,0.02039386669810231
Absorptive capacity,Able to recover from shock,0.5419463087248322,0.5019118543955368,0.5819807630541276,2,596,0.498655911547036,1,0.5523012552301255,0,0,1,1,-0.16795520936386868,-1.9750965271530667,0.020425742004742554
Anticipatory capacity,Prepared for future shock,0.5184563758389261,0.47830767313182637,0.5586050785460259,1,596,0.5000789515242565,1,0.5230125523012552,0,0,1,1,-0.07368999918596701,-1.9979135471160419,0.020484031993418243
Institutional capital,Can rely on government support,0.3959731543624161,0.3566762282194604,0.4352700805053718,7,596,0.4894695045830291,0,0.3702928870292887,0,0,1,1,0.4243463708275047,-1.8229804086843613,0.020049452113752912
Financial capital,Able to access financial support,0.36073825503355705,0.322151963027773,0.3993245470393411,5,596,0.4806180809934124,0,0.3263598326359833,0,0,1,1,0.5785387184483876,-1.6680833079105473,0.01968688367642045
