Resilience,Percent,lower,upper,vars,n,sd,median,trimmed,mad,min,max,range,skew,kurtosis,se
Human capital,0.7681159420289855,0.7182345505631762,0.8179973334947948,8,276,0.4228019965973975,1,0.8333333333333334,0,0,1,1,-1.263686120719994,-0.40452371902902096,0.02544968952337209
Transformative capacity,0.5978260869565217,0.5398719952236489,0.6557801786893945,3,276,0.49122738912451425,1,0.6216216216216216,0,0,1,1,-0.39684938898132033,-1.84917112291876,0.029568414149424876
Social capital,0.5978260869565217,0.5398719952236489,0.6557801786893945,6,276,0.49122738912451425,1,0.6216216216216216,0,0,1,1,-0.39684938898132033,-1.84917112291876,0.029568414149424876
Adaptive capacity,0.5869565217391305,0.5287608647666185,0.6451521787116424,4,276,0.49327493155720653,1,0.6081081081081081,0,0,1,1,-0.3512907562694936,-1.8833793077117398,0.029691661720669362
Absorptive capacity,0.5833333333333334,0.5250636711122982,0.6416029955543685,2,276,0.49390221090757824,1,0.6036036036036037,0,0,1,1,-0.336226075253269,-1.8937741920964979,0.029729419500528154
Anticipatory capacity,0.5253623188405797,0.4663421712331341,0.5843824664480253,1,276,0.5002634352132191,1,0.5315315315315315,0,0,1,1,-0.1010284766074969,-1.9969893807659727,0.03011232020788041
Institutional capital,0.41304347826086957,0.3548478212883576,0.4712391352333815,7,276,0.49327493155720653,0,0.3918918918918919,0,0,1,1,0.351290756269493,-1.8833793077117402,0.029691661720669362
Financial capital,0.3442028985507246,0.28804876475219715,0.4003570323492521,5,276,0.47597068144116594,0,0.3063063063063063,0,0,1,1,0.65227807195026,-1.5802194145951411,0.028650068264554827
