Shock,Percent,lower,upper,vars,n,sd,median,trimmed,mad,min,max,range,skew,kurtosis,se
Increase in food prices,0.9785831960461285,0.967056735532565,0.9901096565596921,5,607,0.1448886083378264,1,1,0,0,1,1,-6.5953391551792535,41.56698609361802,0.005880847200797709
Drought,0.6688632619439868,0.6313925354252976,0.706333988462676,2,607,0.47101028215136925,1,0.7104722792607803,0,0,1,1,-0.7158445373684396,-1.4900131774831735,0.019117717611576122
Floods,0.49917627677100496,0.4593665520730834,0.5389860014689265,1,607,0.5004116921240925,0,0.4989733059548255,0,0,1,1,0.003286758491147071,-2.0032813582283975,0.02031108402955182
Theft,0.38879736408566723,0.34998464897636755,0.4276100791949669,6,607,0.4878791951251301,0,0.3613963039014374,0,0,1,1,0.45511034959054775,-1.7958249573926013,0.019802405668010042
Erosion,0.2784184514003295,0.2427313334913585,0.3141055693093005,3,607,0.44859016723601086,0,0.22381930184804927,0,0,1,1,0.986274426054855,-1.0289497583768596,0.018207713218862755
Loss of land,0.17462932454695224,0.14440178042496854,0.20485686866893593,4,607,0.37996285122833967,0,0.0944558521560575,0,0,1,1,1.7098231768506689,0.9250273669230893,0.015422216388767195
