Shock,Percent,lower,upper,vars,n,sd,median,trimmed,mad,min,max,range,skew,kurtosis,se
Increase in food prices,0.9781879194630873,0.9664509146606061,0.9899249242655684,5,596,0.146192246820021,1,1,0,0,1,1,-6.530928980479669,40.72136622889262,0.005988267756367969
Drought,0.6677852348993288,0.6299387577947333,0.7056317120039244,2,596,0.4714031914661615,1,0.7092050209205021,0,0,1,1,-0.710660084959779,-1.4974663302025837,0.019309427094181424
Floods,0.49161073825503354,0.4514403107926048,0.5317811657174623,1,596,0.5003495478856457,0,0.4895397489539749,0,0,1,1,0.03347733934339636,-2.002230273676356,0.02049511605225956
Theft,0.3875838926174497,0.34843641802412667,0.4267313672107727,6,596,0.4876079855499179,0,0.3598326359832636,0,0,1,1,0.46031850617107944,-1.7911036394831787,0.01997320132312399
Erosion,0.2751677852348993,0.23928260546715935,0.3110529650026393,3,596,0.4469739210362447,0,0.2196652719665272,0,0,1,1,1.0043314338566383,-0.9929759972348791,0.018308765187622436
Loss of land,0.1761744966442953,0.1455628476880023,0.2067861456005883,4,596,0.38128856681051754,0,0.09623430962343096,0,0,1,1,1.6957349373388968,0.8769968898454836,0.015618188243006639
