Shock,Percent,lower,upper,vars,n,sd,median,trimmed,mad,min,max,range,skew,kurtosis,se
Increase in food prices,0.9787928221859706,0.9673780516093066,0.9902075927626347,5,613,0.14419206218813851,1,1,0,0,1,1,-6.630209041597433,42.02824148305516,0.005823862539114329
Drought,0.6688417618270799,0.6315545565999569,0.7061289670542029,2,613,0.4710141985615339,1,0.7107942973523421,0,0,1,1,-0.7157590033065163,-1.4901119213201135,0.01902408429955258
Floods,0.5040783034257749,0.46446546912785625,0.5436911377236935,1,613,0.500391683579783,1,0.505091649694501,0,0,1,1,-0.016273853206805373,-2.002994710490692,0.020210629743836042
Theft,0.3898858075040783,0.3512442487210927,0.4285273662870639,6,613,0.48812247339194503,0,0.3625254582484725,0,0,1,1,0.4504384323737339,-1.8000336727513784,0.01971508101172735
Erosion,0.2805872756933116,0.2449910948947982,0.316183456491825,3,613,0.44965307720266684,0,0.22606924643584522,0,0,1,1,0.974327999725339,-1.0523937620983599,0.018161316733935402
Loss of land,0.1729200652528548,0.1429576514211862,0.20288247908452342,4,613,0.3784869971329115,0,0.09164969450101833,0,0,1,1,1.7255354330976962,0.979077700538689,0.015286945832483984
