Shock,Percent,lower,upper,vars,n,sd,median,trimmed,mad,min,max,range,skew,kurtosis,se
Increase in food prices,0.9782608695652174,0.9610248035161572,0.9954969356142777,5,276,0.1460954260673022,1,1,0,0,1,1,-6.523517582379872,40.703798513384214,0.008793911249520548
Drought,0.6485507246376812,0.5921229367707904,0.7049785125045719,2,276,0.47829021349672807,1,0.6846846846846847,0,0,1,1,-0.6189233783079013,-1.62277413328961,0.028789687687189144
Floods,0.463768115942029,0.40482725369029415,0.5227089781937638,1,276,0.4995914008992122,0,0.45495495495495497,0,0,1,1,0.14452053838698828,-1.9862711135343756,0.030071868495783093
Theft,0.38405797101449274,0.3265725077381604,0.4415434342908251,6,276,0.48725522553273776,0,0.35585585585585583,0,0,1,1,0.4741742853308025,-1.7815743918925055,0.029329317998128754
Erosion,0.286231884057971,0.232809003542137,0.339654764573805,3,276,0.4528201776720897,0,0.23423423423423423,0,0,1,1,0.9407425034714701,-1.1190186225420093,0.02725657169175205
Loss of land,0.19927536231884058,0.1520627398961659,0.24648798474151526,4,276,0.40018111841543935,0,0.12612612612612611,0,0,1,1,1.4974972174949834,0.24341920496568514,0.024088072664629943
