Shock,Percent,lower,upper,vars,n,sd,median,trimmed,mad,min,max,range,skew,kurtosis,se
Increase in food prices,0.9779411764705882,0.9655872874375134,0.990295065503663,5,544,0.14701006666554325,1,1,0,0,1,1,-6.490203275899929,40.1966395751896,0.006303004608711642
Drought,0.6599264705882353,0.6200799554399457,0.6997729857365249,2,544,0.47416961838143085,1,0.6995412844036697,0,0,1,1,-0.6733138603457506,-1.5494866353718146,0.020329854667494686
Floods,0.4963235294117647,0.4542688409254336,0.5383782178980958,1,544,0.5004466643193901,0,0.4954128440366973,0,0,1,1,0.014665748148138931,-2.0034576112070526,0.021456473717515866
Theft,0.39338235294117646,0.35229377474367646,0.43447093113867646,6,544,0.4889500467290039,0,0.3669724770642202,0,0,1,1,0.43530687622986364,-1.8138320424696748,0.020963560304846935
Erosion,0.27205882352941174,0.23462745483920977,0.3094901922196137,3,544,0.4454296126342575,0,0.21559633027522937,0,0,1,1,1.0215852763333721,-0.9581146321961889,0.019097637086837736
Loss of land,0.17463235294117646,0.14269916845628813,0.2065655374260648,4,544,0.38000176036857986,0,0.09403669724770643,0,0,1,1,1.7093054750663697,0.9234328250179544,0.01629244106371853
